{"providers":[

{"file":"gm/towny.png","chars":[""],"height":7,"ascent":7,"type":"bitmap"},
{"file":"gm/survival.png","chars":[""],"height":7,"ascent":7,"type":"bitmap"},
{"file":"gm/smp.png","chars":[""],"height":7,"ascent":7,"type":"bitmap"},
{"file":"gm/skywars.png","chars":[""],"height":7,"ascent":7,"type":"bitmap"},
{"file":"gm/skyblock.png","chars":[""],"height":7,"ascent":7,"type":"bitmap"},
{"file":"gm/pvp.png","chars":[""],"height":7,"ascent":7,"type":"bitmap"},
{"file":"gm/prison.png","chars":[""],"height":7,"ascent":7,"type":"bitmap"},
{"file":"gm/parkour.png","chars":[""],"height":7,"ascent":7,"type":"bitmap"},
{"file":"gm/oneblock.png","chars":[""],"height":7,"ascent":7,"type":"bitmap"},
{"file":"gm/lifesteal.png","chars":[""],"height":7,"ascent":7,"type":"bitmap"},
{"file":"gm/kitpvp.png","chars":[""],"height":7,"ascent":7,"type":"bitmap"},
{"file":"gm/hub.png","chars":[""],"height":7,"ascent":7,"type":"bitmap"},
{"file":"gm/factions.png","chars":[""],"height":7,"ascent":7,"type":"bitmap"},
{"file":"gm/event.png","chars":[""],"height":7,"ascent":7,"type":"bitmap"},
{"file":"gm/duels.png","chars":[""],"height":7,"ascent":7,"type":"bitmap"},
{"file":"gm/creative.png","chars":[""],"height":7,"ascent":7,"type":"bitmap"},
{"file":"gm/bedwars.png","chars":[""],"height":7,"ascent":7,"type":"bitmap"},
{"file":"gm/gmi.png","chars":[""],"height":7,"ascent":7,"type":"bitmap"},

{"file":"social/xcom.png","chars":[""],"height":7,"ascent":7,"type":"bitmap"},
{"file":"social/xcomi.png","chars":[""],"height":7,"ascent":7,"type":"bitmap"},

{"file":"social/tiktok.png","chars":[""],"height":7,"ascent":7,"type":"bitmap"},
{"file":"social/tiktoki.png","chars":[""],"height":7,"ascent":7,"type":"bitmap"},

{"file":"social/insta.png","chars":[""],"height":7,"ascent":7,"type":"bitmap"},
{"file":"social/instai.png","chars":[""],"height":7,"ascent":7,"type":"bitmap"},

{"file":"social/facebook.png","chars":[""],"height":7,"ascent":7,"type":"bitmap"},
{"file":"social/facebooki.png","chars":[""],"height":7,"ascent":7,"type":"bitmap"},

{"file":"social/discord.png","chars":[""],"height":7,"ascent":7,"type":"bitmap"},
{"file":"social/discordi.png","chars":[""],"height":7,"ascent":7,"type":"bitmap"},

{"file":"ranks/youtube.png","chars":[""],"height":7,"ascent":7,"type":"bitmap"},
{"file":"icon/youtube.png","chars":[""],"height":7,"ascent":7,"type":"bitmap"},

{"file":"ranks/vipp.png","chars":[""],"height":7,"ascent":7,"type":"bitmap"},
{"file":"icon/vipp.png","chars":[""],"height":7,"ascent":7,"type":"bitmap"},

{"file":"ranks/vip.png","chars":[""],"height":7,"ascent":7,"type":"bitmap"},
{"file":"icon/vip.png","chars":[""],"height":7,"ascent":7,"type":"bitmap"},

{"file":"ranks/twitch.png","chars":[""],"height":7,"ascent":7,"type":"bitmap"},
{"file":"icon/twitch.png","chars":[""],"height":7,"ascent":7,"type":"bitmap"},

{"file":"ranks/sup.png","chars":[""],"height":7,"ascent":7,"type":"bitmap"},
{"file":"icon/sup.png","chars":[""],"height":7,"ascent":7,"type":"bitmap"},

{"file":"ranks/server.png","chars":[""],"height":7,"ascent":7,"type":"bitmap"},
{"file":"icon/server.png","chars":[""],"height":7,"ascent":7,"type":"bitmap"},

{"file":"ranks/owner.png","chars":[""],"height":7,"ascent":7,"type":"bitmap"},
{"file":"icon/owner.png","chars":[""],"height":7,"ascent":7,"type":"bitmap"},

{"file":"ranks/mvpp.png","chars":[""],"height":7,"ascent":7,"type":"bitmap"},
{"file":"icon/mvpp.png","chars":[""],"height":7,"ascent":7,"type":"bitmap"},

{"file":"ranks/mvp.png","chars":[""],"height":7,"ascent":7,"type":"bitmap"},
{"file":"icon/mvp.png","chars":[""],"height":7,"ascent":7,"type":"bitmap"},

{"file":"ranks/moderator.png","chars":[""],"height":7,"ascent":7,"type":"bitmap"},
{"file":"icon/moderator.png","chars":[""],"height":7,"ascent":7,"type":"bitmap"},

{"file":"ranks/member.png","chars":[""],"height":7,"ascent":7,"type":"bitmap"},
{"file":"icon/member.png","chars":[""],"height":7,"ascent":7,"type":"bitmap"},

{"file":"ranks/developer.png","chars":[""],"height":7,"ascent":7,"type":"bitmap"},
{"file":"icon/developer.png","chars":[""],"height":7,"ascent":7,"type":"bitmap"},

{"file":"ranks/builder.png","chars":[""],"height":7,"ascent":7,"type":"bitmap"},
{"file":"icon/builder.png","chars":[""],"height":7,"ascent":7,"type":"bitmap"},

{"file":"ranks/admin.png","chars":[""],"height":7,"ascent":7,"type":"bitmap"},
{"file":"icon/admin.png","chars":[""],"height":7,"ascent":7,"type":"bitmap"}]}